{"macros":{"hiddenMacros":["PRINT_START","PRINT_END","ATTACH_PROBE_LOCK","DOCK_PROBE_UNLOCK","G29","G27","M420","M81","RUNOUT_CHECK","STEPPER_BUZZ_CYCLE","STATUS_MESHING","STATUS_LEVELING","STATUS_CLEANING","STATUS_CALIBRATING_Z","STATUS_HOMING","STATUS_HEATING","STATUS_BUSY","M141"],"mode":"expert","macrogroups":{"4d53dad1-332f-4f7a-8dee-374a49116be7":{"name":"Probe Macros","color":"primary","colorCustom":"#fff","showInStandby":true,"showInPause":true,"showInPrinting":true,"macros":[{"pos":1,"name":"AUTO_BED_MESH_BUILDER","color":"error","showInStandby":true,"showInPrinting":false,"showInPause":false},{"pos":2,"name":"Attach_Probe","color":"secondary","showInStandby":true,"showInPrinting":false,"showInPause":false},{"pos":3,"name":"Dock_Probe","color":"secondary","showInStandby":true,"showInPrinting":false,"showInPause":false},{"pos":4,"name":"Attach_Probe_Lock","color":"secondary","showInStandby":true,"showInPrinting":false,"showInPause":false},{"pos":5,"name":"Dock_Probe_Unlock","color":"secondary","showInStandby":true,"showInPrinting":false,"showInPause":false},{"pos":6,"name":"EDDY_TEMP_COMP","color":"success","showInStandby":true,"showInPrinting":false,"showInPause":false},{"pos":7,"name":"Z_Probe_Accuracy_Cold","color":"group","showInStandby":true,"showInPrinting":false,"showInPause":false},{"pos":8,"name":"Z_Probe_Calibrate_Cold","color":"group","showInStandby":true,"showInPrinting":false,"showInPause":false},{"pos":9,"name":"Z_Switch_Calibrate_Cold","color":"group","showInStandby":true,"showInPrinting":false,"showInPause":false},{"pos":10,"name":"Z_Probe_Accuracy_Hot","color":"warning","showInStandby":true,"showInPrinting":false,"showInPause":false},{"pos":11,"name":"Z_Probe_Calibrate_Hot","color":"warning","showInStandby":true,"showInPrinting":false,"showInPause":false},{"pos":12,"name":"Z_Switch_Calibrate_Hot","color":"warning","showInStandby":true,"showInPrinting":false,"showInPause":false},{"pos":13,"name":"MACHINE_LEVEL_COLD","color":"group","showInStandby":true,"showInPrinting":false,"showInPause":false},{"pos":14,"name":"MACHINE_LEVEL_HOT","color":"warning","showInStandby":true,"showInPrinting":false,"showInPause":false},{"pos":16,"name":"HOT_MESH","color":"error","showInStandby":true,"showInPrinting":false,"showInPause":false},{"pos":15,"name":"QUICK_MESH","color":"success","showInStandby":true,"showInPrinting":false,"showInPause":false}]},"19e046b6-6775-4cf6-b4d3-07cf41f869a4":{"name":"Filament Control","color":"primary","colorCustom":"#fff","showInStandby":true,"showInPause":true,"showInPrinting":true,"macros":[{"pos":1,"name":"CLEAN_NOZZLE","color":"warning","showInStandby":true,"showInPrinting":false,"showInPause":false},{"pos":2,"name":"LOAD_CLEAN","color":"success","showInStandby":true,"showInPrinting":false,"showInPause":false},{"pos":3,"name":"LOAD_FILAMENT","color":"primary","showInStandby":true,"showInPrinting":false,"showInPause":true},{"pos":4,"name":"UNLOAD_CLEAN","color":"error","showInStandby":true,"showInPrinting":false,"showInPause":false},{"pos":5,"name":"UNLOAD_FILAMENT","color":"secondary","showInStandby":true,"showInPrinting":false,"showInPause":true}]},"cff99b5f-80e6-4340-a5fe-377415779587":{"name":"General Macros","color":"primary","colorCustom":"#fff","showInStandby":true,"showInPause":true,"showInPrinting":true,"macros":[{"pos":1,"name":"SET_PAUSE_NEXT_LAYER","color":"secondary","showInStandby":false,"showInPrinting":true,"showInPause":true},{"pos":2,"name":"SET_PAUSE_AT_LAYER","color":"secondary","showInStandby":false,"showInPrinting":true,"showInPause":true},{"pos":3,"name":"Pressure_Advance_Test_Mode","color":"secondary","showInStandby":true,"showInPrinting":false,"showInPause":false},{"pos":4,"name":"PID_Tune_Mode","color":"error","showInStandby":true,"showInPrinting":false,"showInPause":false},{"pos":5,"name":"Stepper_Buzz_Cycle","color":"secondary","showInStandby":true,"showInPrinting":false,"showInPause":false},{"pos":6,"name":"Auto_Shaper_Calibrate","color":"group","showInStandby":true,"showInPrinting":false,"showInPause":false},{"pos":7,"name":"Resonance_Test_X","color":"group","showInStandby":true,"showInPrinting":false,"showInPause":false},{"pos":8,"name":"Resonance_Test_Y","color":"group","showInStandby":true,"showInPrinting":false,"showInPause":false},{"pos":9,"name":"TIMER_Start","color":"success","showInStandby":true,"showInPrinting":false,"showInPause":false},{"pos":10,"name":"TIMER_Stop","color":"error","showInStandby":true,"showInPrinting":false,"showInPause":false},{"pos":11,"name":"Power_Down","color":"warning","showInStandby":true,"showInPrinting":false,"showInPause":false},{"pos":12,"name":"PRESENT_TOOLHEAD","color":"success","showInStandby":true,"showInPrinting":false,"showInPause":false},{"pos":13,"name":"STOW_TOOLHEAD","color":"error","showInStandby":true,"showInPrinting":false,"showInPause":false},{"pos":14,"name":"PRINTER_STATUS","color":"secondary","showInStandby":true,"showInPrinting":true,"showInPause":true},{"pos":15,"name":"SYSTEM_SENSORS","color":"secondary","showInStandby":true,"showInPrinting":true,"showInPause":true},{"pos":16,"name":"Z_ASCENDER","color":"group","showInStandby":true,"showInPrinting":false,"showInPause":false}]},"dd11ea6b-391f-4e60-b57c-131a9e89fc27":{"name":"Toolhead LED Control","color":"secondary","colorCustom":"#fff","showInStandby":true,"showInPause":true,"showInPrinting":true,"macros":[{"pos":1,"name":"set_nozzle_leds_off","color":"group","showInStandby":true,"showInPrinting":true,"showInPause":true},{"pos":2,"name":"set_nozzle_leds_on","color":"group","showInStandby":true,"showInPrinting":true,"showInPause":true},{"pos":3,"name":"status_off","color":"group","showInStandby":true,"showInPrinting":true,"showInPause":true},{"pos":4,"name":"status_busy","color":"group","showInStandby":true,"showInPrinting":true,"showInPause":true},{"pos":5,"name":"status_printing","color":"group","showInStandby":true,"showInPrinting":true,"showInPause":true},{"pos":6,"name":"status_ready","color":"group","showInStandby":true,"showInPrinting":true,"showInPause":true}]},"07a96fac-85c3-435f-908d-2edde7a1bec3":{"name":"BACKUP","color":"primary","colorCustom":"#fff","showInStandby":true,"showInPause":true,"showInPrinting":true,"macros":[{"pos":1,"name":"BACKUP_PRINTER","color":"group","showInStandby":true,"showInPrinting":true,"showInPause":true}]},"f63f0b26-2254-428d-9447-9925a7bbec3b":{"name":"Bed Fans Macros","color":"primary","colorCustom":"#fff","showInStandby":true,"showInPause":false,"showInPrinting":true,"macros":[{"pos":1,"name":"BED_FANS_SET_SPEED","color":"primary","showInStandby":true,"showInPrinting":true,"showInPause":true},{"pos":2,"name":"FLOATING_FANS_MAX_SPEED","color":"primary","showInStandby":true,"showInPrinting":true,"showInPause":true},{"pos":3,"name":"BED_FANS_SET_SPEED_INFO","color":"secondary","showInStandby":true,"showInPrinting":true,"showInPause":true},{"pos":4,"name":"FLOATING_FANS_MAX_SPEED_INFO","color":"secondary","showInStandby":true,"showInPrinting":true,"showInPause":true},{"pos":5,"name":"BED_FANS_THERMAL_INFO","color":"secondary","showInStandby":true,"showInPrinting":true,"showInPause":true}]},"1a6301ed-a341-4578-8750-decb262dbaaa":{"name":"ReadyUp!","color":"primary","colorCustom":"#fff","showInStandby":true,"showInPause":true,"showInPrinting":true,"macros":[{"pos":1,"name":"Ready_UP_PLA","color":"success","showInStandby":true,"showInPrinting":false,"showInPause":false},{"pos":2,"name":"Ready_UP_PETG","color":"warning","showInStandby":true,"showInPrinting":false,"showInPause":false},{"pos":3,"name":"Ready_UP_ASA","color":"error","showInStandby":true,"showInPrinting":false,"showInPause":false},{"pos":4,"name":"Ready_UP_TPU","color":"primary","showInStandby":true,"showInPrinting":false,"showInPause":false},{"pos":5,"name":"Ready_UP_CUSTOM","color":"success","showInStandby":true,"showInPrinting":false,"showInPause":false}]},"dc6e50a3-6b0e-4b37-9a51-f6f436922689":{"name":"PRINT START QUICK SETTINGS","color":"primary","colorCustom":"#fff","showInStandby":true,"showInPause":false,"showInPrinting":false,"macros":[{"pos":1,"name":"HEATSOAK_TOGGLE","color":"error","showInStandby":true,"showInPrinting":false,"showInPause":false},{"pos":3,"name":"ADAPTIVE_MESHING_TOGGLE","color":"warning","showInStandby":true,"showInPrinting":true,"showInPause":true},{"pos":2,"name":"PURGE_LINE_TOGGLE","color":"secondary","showInStandby":true,"showInPrinting":true,"showInPause":true},{"pos":4,"name":"PRINT_START_HEATSOAK_TIMERS","color":"success","showInStandby":true,"showInPrinting":false,"showInPause":false},{"pos":5,"name":"PRINT_START_QUICK_SETTINGS_READBACK","color":"group","showInStandby":true,"showInPrinting":false,"showInPause":false}]}}}}